name,link
"Tyler, The Creator",https://gametime.co/tyler-the-creator-tickets/performers/musictylerthecreator
Lionel Richie,https://gametime.co/lionel-richie-tickets/performers/musiclionelrichie
Usher,https://gametime.co/usher-tickets/performers/musicusher
Katy Perry,https://gametime.co/katy-perry-tickets/performers/musickatyperry
Oasis,https://gametime.co/oasis-tickets/performers/musicoasis
Bullet For My Valentine,https://gametime.co/bullet-for-my-valentine-tickets/performers/musicbulletformyvalentine
Tate McRae,https://gametime.co/tate-mc-rae-tickets/performers/musictatemcrae
Billie Eilish,https://gametime.co/billie-eilish-tickets/performers/musicbillieeilish
Ado,https://gametime.co/ado-tickets/performers/musicado
Kylie Minogue,https://gametime.co/kylie-minogue-tickets/performers/musickylieminogue
Santana,https://gametime.co/santana-tickets/performers/musicsantana
Sabaton,https://gametime.co/sabaton-tickets/performers/musicsabaton
Olivia Rodrigo,https://gametime.co/olivia-rodrigo-tickets/performers/musicoliviarodrigo
Ateez,https://gametime.co/ateez-tickets/performers/musicateez
Tomorrow X Together,https://gametime.co/tomorrow-x-together-tickets/performers/musictogether
Chase & Status,https://gametime.co/chase-status-tickets/performers/musicchasestatus
Craig David,https://gametime.co/craig-david-tickets/performers/musiccraigdavid
Incubus,https://gametime.co/incubus-tickets/performers/musicincubus
Onerepublic,https://gametime.co/onerepublic-tickets/performers/musiconerepublic
Hans Zimmer,https://gametime.co/hans-zimmer-tickets/performers/musichanszimmer
Iron Maiden,https://gametime.co/iron-maiden-tickets/performers/musicironmaidenny
Sabrina Carpenter,https://gametime.co/sabrina-carpenter-tickets/performers/musicsabrinacarpenter
Tate McRae,https://gametime.co/tate-mc-rae-tickets/performers/musictatemcrae
"Tyler, The Creator",https://gametime.co/tyler-the-creator-tickets/performers/musictylerthecreator
Katy Perry,https://gametime.co/katy-perry-tickets/performers/musickatyperry
Ghost,https://gametime.co/ghost-tickets/performers/musicghost
